Reporter Name,Partner Name,Trade Flow,Indicator,1988,1989,1990,1991,1992,1993,1994,1995,1996,1997,1998,1999,2000,2001,2002,2003,2004,2005,2006,2007,2008,2009,2010,2011,2012,2013,2014,2015,2016,2017,2018
 World,Afghanistan,Import,Import Partner Share (%),0.0081,0.0044,0.0041,0.0032,0.0019,0.0016,0.0018,0.0019,0.0019,0.0023,0.0026,0.0017,0.0018,0.0012,0.0011,0.0025,0.0022,0.0025,0.0021,0.0029,0.0032,0.0104,0.004,0.0031,0.0038,0.0043,0.0048,0.0052,0.0067,0.006,0.0069
 World,Albania,Import,Import Partner Share (%),0.0071,0.0092,0.0052,0.0048,0.0026,0.002,0.0046,0.005,0.0061,0.0047,0.0052,0.0048,0.0045,0.0058,0.0056,0.0063,0.0062,0.0061,0.0063,0.0079,0.0133,0.0296,0.0105,0.0108,0.011,0.0132,0.0133,0.0121,0.013,0.0138,0.0148
 World,Algeria,Import,Import Partner Share (%),0.2326,0.208,0.2359,0.2745,0.2561,0.2388,0.2474,0.2428,0.2735,0.2809,0.2217,0.2043,0.2884,0.2788,0.2681,0.3027,0.3229,0.396,0.4146,0.3937,0.4367,0.3761,0.3819,0.402,0.396,0.3501,0.3263,0.2249,0.1893,0.1972,0.2221
 World,American Samoa,Import,Import Partner Share (%),,,,,,,,,,,,,0.0003,0.0003,0.0006,0.0005,0.0003,0.0002,0.0009,0.0005,0.0005,0.0003,0.0003,0.0003,0.0005,0.0003,0.0003,0.0002,0.0003,0.0002,0.0004
 World,Andorra,Import,Import Partner Share (%),0.0005,0.0012,0.0012,0.0011,0.0007,0.0005,0.0012,0.001,0.0009,0.0009,0.0009,0.0009,0.0007,0.0012,0.001,0.0011,0.0013,0.0016,0.0016,0.0012,0.0011,0.0015,0.0018,0.0024,0.0016,0.0017,0.0021,0.0004,0.0007,0.0007,0.0006
 World,Angola,Import,Import Partner Share (%),0.0552,0.0287,0.0491,0.126,0.1172,0.1,0.0802,0.0761,0.0919,0.0872,0.0714,0.0852,0.124,0.1056,0.1216,0.1223,0.1374,0.2108,0.2641,0.2993,0.4206,0.3227,0.3525,0.3663,0.4167,0.3899,0.3487,0.2214,0.179,0.2086,0.2383
 World,Anguila,Import,Import Partner Share (%),0,0,0,0.0001,0,0.0002,0.0001,0.0001,0.0001,0.0001,0.0001,0.0001,0.0001,0.0001,0.0001,0.0001,0.0001,0.0001,0.0001,0.0001,0.0001,0.0001,0.0001,0.0001,0.0001,0.0001,0.0001,0.0001,0.0001,0.0001,0.0001
 World,Antarctica,Import,Import Partner Share (%),,,,,,,,,,,,,0.0001,0,0,0,0,0,0,0,0,0,0.0004,0.0001,0.0008,0.0002,0.0001,0.0001,0.0001,0,0.0001
 World,Antigua and Barbuda,Import,Import Partner Share (%),0.0003,0.0007,0.0008,0.0006,0.0011,0.0011,0.001,0.0011,0.0011,0.0017,0.0005,0.0008,0.0021,0.0035,0.0039,0.0055,0.002,0.0029,0.003,0.0014,0.0023,0.0129,0.0175,0.0268,0.0035,0.0021,0.0014,0.0015,0.0016,0.0016,0.001
 World,Argentina,Import,Import Partner Share (%),0.2873,0.3597,0.4661,0.4268,0.3947,0.3558,0.4035,0.4253,0.463,0.492,0.4974,0.4111,0.4048,0.4428,0.4208,0.4233,0.409,0.4147,0.3964,0.4327,0.4817,0.4666,0.4586,0.4617,0.4613,0.4309,0.3714,0.3721,0.3701,0.3492,0.3055
 World,Armenia,Import,Import Partner Share (%),,,,,0.0003,0.0007,0.0004,0.0014,0.0033,0.0045,0.0044,0.0034,0.0042,0.0041,0.006,0.0076,0.006,0.0076,0.0074,0.0078,0.0059,0.0049,0.0053,0.0061,0.0064,0.0066,0.0071,0.0072,0.0104,0.011,0.0118
 World,Aruba,Import,Import Partner Share (%),0,0.0001,0,0.0061,0.0126,0.0183,0.0148,0.0142,0.0159,0.0189,0.0127,0.0168,0.0284,0.0218,0.0163,0.0166,0.0271,0.0384,0.0354,0.0334,0.0345,0.0179,0.0026,0.0256,0.0104,0.0034,0.0033,0.0027,0.0011,0.0016,0.0011
 World,Australia,Import,Import Partner Share (%),2.138,1.9847,1.8315,1.5525,1.3435,1.2789,1.1335,1.0274,1.0961,1.1301,1.0347,0.9706,1.0797,1.0973,1.0527,0.9847,1.0161,1.0742,1.0963,1.103,1.2641,1.3621,1.4567,1.5565,1.5305,1.4775,1.4436,1.3005,1.2778,1.4729,1.4641
 World,Austria,Import,Import Partner Share (%),2.1266,1.5125,1.6337,1.2504,1.2765,1.1078,1.1491,1.0499,1.016,0.957,1.0324,1.0019,0.8786,0.9503,1.0014,1.0431,1.0523,0.9947,1.0053,1.0588,0.9854,0.9986,0.922,0.9118,0.8503,0.8735,0.8974,0.8913,0.9113,1.113,0.9186
 World,Azerbaijan,Import,Import Partner Share (%),,,,,0.0018,0.0026,0.0019,0.0031,0.0077,0.0144,0.0089,0.0144,0.0225,0.0238,0.0267,0.0253,0.0276,0.0392,0.0711,0.1037,0.1495,0.1405,0.1457,0.1805,0.1596,0.1574,0.1449,0.1034,0.0822,0.0982,0.1077
 World,"Bahamas, The",Import,Import Partner Share (%),0.0087,0.0162,0.0204,0.0314,0.0386,0.0296,0.0167,0.0136,0.0134,0.0137,0.0111,0.013,0.0144,0.0188,0.0211,0.021,0.0193,0.0247,0.0195,0.0165,0.018,0.0197,0.0207,0.0174,0.0162,0.0218,0.0222,0.0143,0.0102,0.008,0.0095
 World,Bahrain,Import,Import Partner Share (%),0.0683,0.0675,0.0709,0.0638,0.0449,0.0499,0.0397,0.0358,0.0371,0.0373,0.0425,0.0433,0.0461,0.0487,0.0448,0.0425,0.0428,0.0514,0.0607,0.0543,0.0647,0.0519,0.0616,0.0558,0.0685,0.0637,0.0611,0.0532,0.0493,0.0585,0.0736
 World,Bangladesh,Import,Import Partner Share (%),0.033,0.03,0.0323,0.0558,0.0638,0.0697,0.0764,0.0801,0.0811,0.0882,0.0941,0.0929,0.1007,0.1076,0.1041,0.1103,0.1119,0.0998,0.1103,0.1028,0.1068,0.1429,0.1383,0.1513,0.1535,0.1699,0.1857,0.2245,0.2453,0.2327,0.2412
 World,Barbados,Import,Import Partner Share (%),0.0007,0.0012,0.0012,0.0042,0.0034,0.0054,0.0036,0.0034,0.0046,0.0042,0.0039,0.0041,0.0092,0.0055,0.0059,0.0052,0.0056,0.004,0.003,0.0039,0.0041,0.0087,0.0076,0.0068,0.0039,0.0024,0.0027,0.0019,0.0016,0.0018,0.0013
 World,Belarus,Import,Import Partner Share (%),,,,,0.0109,0.0148,0.0282,0.035,0.0938,0.1197,0.1202,0.0906,0.0957,0.0984,0.0974,0.1107,0.1279,0.1242,0.1351,0.1457,0.16,0.1328,0.1315,0.168,0.1645,0.1443,0.1396,0.1174,0.122,0.1395,0.1438
 World,Belgium,Import,Import Partner Share (%),,,,,,,,,,,,2.4517,2.2722,2.3457,2.3825,2.4316,2.4225,2.3559,2.2891,2.367,2.19,2.1773,1.995,1.9858,1.8741,1.9164,1.9547,1.8642,1.9154,1.8469,1.8913
 World,Belgium-Luxembourg,Import,Import Partner Share (%),3.712,2.8774,3.0059,2.4112,3.0042,2.4468,2.9582,2.9432,2.763,2.5865,2.633,,,,,,,,,,,,,,,,,,,,
 World,Belize,Import,Import Partner Share (%),0.0003,0.0018,0.0021,0.0038,0.0049,0.0065,0.005,0.0045,0.005,0.0049,0.0056,0.0064,0.005,0.0046,0.0031,0.0038,0.0033,0.0033,0.0039,0.0031,0.0153,0.0158,0.0028,0.005,0.0029,0.0029,0.0025,0.0027,0.0026,0.0031,0.0025
 World,Benin,Import,Import Partner Share (%),0.0026,0.0034,0.0033,0.0029,0.0022,0.0033,0.0041,0.0045,0.0054,0.0059,0.0049,0.0048,0.0044,0.0061,0.0035,0.0056,0.0054,0.0058,0.005,0.0054,0.0046,0.0035,0.0097,0.0087,0.0082,0.0065,0.0122,0.0067,0.0068,0.0076,0.0051
 World,Bermuda,Import,Import Partner Share (%),0.0924,0.0555,0.0494,0.0335,0.0227,0.0134,0.0056,0.0051,0.007,0.0065,0.0029,0.003,0.0032,0.0048,0.0022,0.005,0.002,0.0048,0.0042,0.0019,0.0114,0.0017,0.0051,0.0036,0.0017,0.0022,0.0005,0.0032,0.0029,0.001,0.0013
 World,Bhutan,Import,Import Partner Share (%),0,0.0001,0.0001,0.0001,0.0002,0.0007,0.0007,0.001,0.0008,0.0004,0.0003,0.0004,0.0004,0.0005,0.0005,0.0008,0.0006,0.0012,0.0015,0.0022,0.0011,0.0012,0.0014,0.0013,0.0011,0.0008,0.001,0.0017,0.0009,0.0014,0.0019
 World,Bolivia,Import,Import Partner Share (%),0.005,0.0089,0.0108,0.0183,0.0154,0.0175,0.0215,0.0196,0.0197,0.0183,0.0175,0.0147,0.0158,0.0176,0.0183,0.0197,0.0227,0.0226,0.0283,0.0258,0.0362,0.0354,0.0395,0.043,0.0564,0.0662,0.0667,0.0524,0.0444,0.0429,0.0465
 World,Bonaire,Import,Import Partner Share (%),,,,,,,,,,,,,,,,,,,,,,,,0,0,0,0.0009,0.0001,0.0001,0.0001,0.0002
 World,Bosnia and Herzegovina,Import,Import Partner Share (%),,,,,0.008,0.0023,0.0009,0.0012,0.0084,0.0131,0.0151,0.015,0.014,0.0152,0.0174,0.0165,0.0215,0.0251,0.0274,0.0287,0.0289,0.0274,0.0278,0.0294,0.0267,0.0289,0.0308,0.0317,0.0343,0.0359,0.0382
 World,Botswana,Import,Import Partner Share (%),,,,,,,,,,,,,0.0154,0.0294,0.0257,0.0267,0.031,0.0387,0.0293,0.0204,0.0147,0.0169,0.0192,0.0312,0.0305,0.0368,0.0342,0.028,0.0452,0.0412,0.0331
 World,Bouvet Island,Import,Import Partner Share (%),,,,,,,,,,,,,0,0.0001,0.0001,0.0001,0,0,0.0001,0,0.0003,0.0001,0.0008,0.0019,0.0003,0,0,0,0,0,0
 World,Br. Antr. Terr,Import,Import Partner Share (%),,,,0,0,0,0,0,0,0,0,0,,0,,,,,,,,,,,,,,0,,0,0
 World,Brazil,Import,Import Partner Share (%),1.1522,1.0716,0.9577,1.0942,1.0386,1.0786,1.1155,0.9682,0.9425,0.9889,0.9832,0.8994,0.911,0.9947,0.9848,1.0596,1.1457,1.2236,1.2018,1.2568,1.3582,1.3539,1.4288,1.5267,1.4517,1.3328,1.2745,1.2703,1.2535,1.3282,1.3675
 World,British Indian Ocean Ter.,Import,Import Partner Share (%),0,0,0.0001,0.0001,0.0001,0.0001,0.0003,0.0004,0.0003,0.0005,0.0002,0.0007,0.0009,0.0009,0.0006,0.0001,0,0,0,0,0.0001,0,0,0.0001,0.0002,0.0002,0.0002,0.0002,0.0001,0.0001,0.0001
 World,British Virgin Islands,Import,Import Partner Share (%),0.0001,0.0003,0.0007,0.0137,0.0009,0.0015,0.0018,0.0023,0.0026,0.0047,0.0026,0.0032,0.0033,0.0038,0.0064,0.0053,0.0049,0.0141,0.0032,0.0031,0.0034,0.0027,0.0035,0.0035,0.007,0.0057,0.0026,0.004,0.0044,0.0025,0.0014
 World,Brunei,Import,Import Partner Share (%),0.227,0.1478,0.1403,0.1152,0.0915,0.0921,0.064,0.0531,0.0557,0.0538,0.0399,0.0416,0.0564,0.0577,0.0569,0.0565,0.0528,0.0589,0.0649,0.0556,0.0698,0.0569,0.0592,0.069,0.0737,0.0606,0.0555,0.0391,0.0302,0.0316,0.0355
 World,Bulgaria,Import,Import Partner Share (%),0.0561,0.0619,0.0593,0.0423,0.0671,0.059,0.0773,0.087,0.0826,0.0849,0.0821,0.0728,0.0773,0.0859,0.0911,0.0955,0.1049,0.1087,0.1209,0.1196,0.1255,0.1234,0.126,0.1406,0.1376,0.1508,0.1558,0.1532,0.1629,0.1686,0.1699
 World,Bunkers,Import,Import Partner Share (%),0.0231,0.0152,0.0129,0.0069,0.0068,0.0041,0.0035,0.0067,0.0033,0.0019,0.0021,0.0008,0.0022,0.0016,0.0007,0.0007,0.0003,0.0003,0.0001,0.0001,0.0011,0.0033,0.0028,0.0011,0.0002,0.0003,0.0014,0.0001,0,0,0.0151
 World,Burkina Faso,Import,Import Partner Share (%),0.0037,0.0023,0.0034,0.0027,0.0026,0.0022,0.0023,0.0024,0.0027,0.0031,0.0045,0.0032,0.0031,0.0033,0.0039,0.0032,0.0043,0.003,0.0029,0.0031,0.0026,0.003,0.004,0.0042,0.0119,0.011,0.0113,0.0111,0.0127,0.0144,0.015
 World,Burundi,Import,Import Partner Share (%),0.011,0.0059,0.0034,0.0023,0.0025,0.0022,0.0023,0.0048,0.0019,0.0017,0.0014,0.0012,0.0008,0.0006,0.0006,0.0005,0.0003,0.0008,0.0007,0.0007,0.0004,0.0008,0.0006,0.0008,0.0015,0.0017,0.0015,0.0016,0.0012,0.0009,0.0012
 World,Cambodia,Import,Import Partner Share (%),0.0002,0.0013,0.0025,0.0024,0.0068,0.0089,0.0063,0.0068,0.0055,0.0105,0.0148,0.021,0.0235,0.0286,0.0318,0.032,0.0323,0.0314,0.0335,0.0334,0.0314,0.0397,0.0388,0.0443,0.052,0.0585,0.0702,0.0913,0.1111,0.1045,0.1059
 World,Cameroon,Import,Import Partner Share (%),0.0313,0.0367,0.0434,0.0307,0.0342,0.0331,0.0472,0.0449,0.0427,0.0439,0.0384,0.0364,0.0386,0.0357,0.0309,0.0349,0.035,0.0331,0.0389,0.0355,0.0354,0.0301,0.0288,0.0292,0.0289,0.0295,0.0307,0.0298,0.0252,0.0247,0.0249
 World,Canada,Import,Import Partner Share (%),1.9933,1.5383,1.3352,5.6954,4.9924,4.8576,4.3601,4.0765,4.0259,4.0598,4.1463,4.3592,4.4728,4.3356,4.0098,3.6445,3.4878,3.4844,3.2205,3.0122,2.8727,2.6,2.6153,2.5456,2.5464,2.5288,2.6312,2.5997,2.4869,2.4409,2.4439
 World,Cape Verde,Import,Import Partner Share (%),0.0003,0.0002,0.0008,0.0002,0.0002,0.0001,0.0002,0.0002,0.0003,0.0006,0.0006,0.0004,0.0003,0.0003,0.0003,0.0003,0.0003,0.0003,0.0004,0.0004,0.0003,0.0005,0.0009,0.0004,0.0005,0.0007,0.0005,0.0005,0.0006,0.0006,0.0007
 World,Cayman Islands,Import,Import Partner Share (%),0.0015,0.0012,0.0019,0.0026,0.0036,0.0022,0.0024,0.0029,0.0032,0.0039,0.0035,0.0046,0.0042,0.0028,0.0037,0.0087,0.0073,0.0076,0.0178,0.0024,0.0032,0.0018,0.0076,0.0072,0.0035,0.0047,0.0023,0.0045,0.0138,0.004,0.0055
 World,Central African Republic,Import,Import Partner Share (%),0.0012,0.002,0.0022,0.0012,0.0009,0.0007,0.0011,0.0035,0.0032,0.0034,0.0046,0.0039,0.0037,0.0028,0.0029,0.0017,0.0015,0.0012,0.001,0.001,0.0011,0.0009,0.0009,0.0008,0.001,0.0007,0.0004,0.0005,0.0009,0.0007,0.0006
 World,Chad,Import,Import Partner Share (%),0.0052,0.0044,0.0051,0.0033,0.0025,0.0018,0.0016,0.0026,0.0024,0.0027,0.0026,0.002,0.0015,0.0013,0.001,0.0013,0.0149,0.0208,0.0207,0.0181,0.0244,0.0186,0.0205,0.0218,0.0181,0.0171,0.0171,0.0148,0.0107,0.0076,0.0095
 World,Chile,Import,Import Partner Share (%),0.3154,0.3555,0.3364,0.3314,0.3152,0.2959,0.3047,0.3252,0.3197,0.3238,0.291,0.2901,0.3027,0.2974,0.2926,0.2981,0.3649,0.3984,0.4906,0.4981,0.4382,0.441,0.4691,0.4689,0.4458,0.4342,0.4271,0.4152,0.3936,0.4058,0.4298
 World,China,Import,Import Partner Share (%),2.1232,2.0993,2.0837,2.9302,2.9746,4.934,4.7592,4.6464,4.8019,5.1713,5.2852,5.6705,6.294,6.7671,7.7333,8.386,9.0902,10.0521,10.6031,11.1551,11.0593,12.2464,12.8232,12.3344,12.779,12.9561,13.6324,15.1515,14.3273,14.9139,14.5737
 World,Christmas Island,Import,Import Partner Share (%),0.0004,0.0001,0.0002,0.0002,0.0003,0,0.0002,0,0.0004,0.0004,0.0005,0.0003,0.0003,0.0003,0.0005,0.0003,0.0002,0.0002,0.0002,0.0002,0.0003,0.0001,0.0001,0.0001,0.0002,0.0002,0.0002,0.0002,0.0002,0.0001,0.0001
 World,Cocos (Keeling) Islands,Import,Import Partner Share (%),0,0,0,0.0003,0.0001,0.0001,0,0.0002,0.0001,0.0001,0.0001,0.0001,0,0,0.0001,0,0.0001,0,0.0001,0,0.0002,0,0.0001,0.0003,0,0,0.0001,0.0001,0,0,0
 World,Colombia,Import,Import Partner Share (%),0.1803,0.1329,0.1296,0.2559,0.2308,0.2075,0.2174,0.2242,0.217,0.2282,0.2253,0.2258,0.2163,0.2133,0.2047,0.1956,0.2015,0.2294,0.217,0.2199,0.2666,0.2733,0.2687,0.319,0.348,0.3319,0.3141,0.2493,0.2271,0.2339,0.2351
 World,Comoros,Import,Import Partner Share (%),0.0004,0.0003,0.0004,0.0008,0.0007,0.0005,0.0006,0.0003,0.0004,0.0003,0.0002,0.0004,0.0003,0.0007,0.0005,0.0005,0.0004,0.0003,0.0004,0.0003,0.0002,0.0003,0.0002,0.0004,0.0003,0.0003,0.0003,0.0003,0.0005,0.0005,0.0006
 World,"Congo, Dem. Rep.",Import,Import Partner Share (%),0.0608,0.0421,0.0314,0.0372,0.0238,0.0198,0.0189,0.0318,0.0318,0.0238,0.021,0.0212,0.0187,0.0196,0.0224,0.0144,0.0133,0.0144,0.0123,0.0152,0.0235,0.0227,0.0382,0.0406,0.0397,0.0415,0.0436,0.0395,0.0302,0.0472,0.0587
 World,"Congo, Rep.",Import,Import Partner Share (%),0.0184,0.0148,0.0139,0.0318,0.0337,0.0238,0.0252,0.0265,0.0317,0.0459,0.0288,0.0331,0.0485,0.0389,0.0339,0.0357,0.0458,0.0602,0.0782,0.0598,0.0792,0.0617,0.0732,0.0658,0.0616,0.0604,0.0599,0.0424,0.0353,0.0408,0.0592
 World,Cook Islands,Import,Import Partner Share (%),0.0002,0.0005,0.0004,0.0004,0.0002,0.0003,0.0003,0.0001,0.0002,0.0002,0.0001,0.0001,0.0001,0.0001,0.0001,0.0001,0.0002,0.0002,0.0001,0.0001,0.0002,0.0002,0.0002,0.0002,0.0003,0.0001,0.0002,0.0002,0.0002,0.0003,0.0002
 World,Costa Rica,Import,Import Partner Share (%),0.0403,0.0321,0.0365,0.0931,0.0869,0.089,0.0889,0.0799,0.082,0.087,0.1076,0.1305,0.108,0.1001,0.1186,0.1396,0.1293,0.1245,0.1208,0.1207,0.1093,0.157,0.1764,0.1736,0.2004,0.1945,0.1795,0.0839,0.0841,0.0793,0.0709
 World,Cote d'Ivoire,Import,Import Partner Share (%),0.0691,0.0602,0.0571,0.0484,0.0555,0.0496,0.071,0.083,0.0925,0.0819,0.0903,0.0803,0.068,0.0617,0.0689,0.0678,0.0608,0.0567,0.0515,0.0535,0.0577,0.0642,0.0628,0.0591,0.0583,0.0559,0.0609,0.0642,0.0733,0.0708,0.0601
 World,Croatia,Import,Import Partner Share (%),,,,,0.0329,0.0476,0.0881,0.0747,0.069,0.0594,0.0601,0.055,0.0495,0.0542,0.0542,0.0649,0.0732,0.0708,0.073,0.0745,0.0719,0.0746,0.0687,0.0681,0.0639,0.0625,0.0702,0.0679,0.074,0.0765,0.0781
 World,Cuba,Import,Import Partner Share (%),0.0356,0.0488,0.0442,0.0276,0.0341,0.0191,0.026,0.0249,0.0356,0.0321,0.0263,0.0244,0.0209,0.0238,0.0212,0.0169,0.0231,0.0205,0.0206,0.026,0.0197,0.019,0.0185,0.02,0.0178,0.0168,0.0126,0.0115,0.01,0.0114,0.0096
 World,Cura?ao,Import,Import Partner Share (%),,,,,,,,,,,,,,,,,,,,,,,0,0.0213,0.0242,0.0221,0.0149,0.0107,0.0101,0.0075,0.003
 World,Cyprus,Import,Import Partner Share (%),0.015,0.0166,0.0195,0.0113,0.0147,0.0238,0.017,0.0202,0.0258,0.0152,0.0171,0.0175,0.0148,0.0157,0.0157,0.0171,0.0191,0.0215,0.0382,0.0286,0.0237,0.0234,0.0241,0.0287,0.0316,0.0297,0.0198,0.0219,0.0177,0.0177,0.0171
 World,Czech Republic,Import,Import Partner Share (%),,,,,,0.2449,0.3523,0.3768,0.3948,0.3963,0.4643,0.4553,0.449,0.523,0.5765,0.6402,0.627,0.6431,0.6906,0.7797,0.7959,0.8244,0.7837,0.7988,0.7647,0.7921,0.8444,0.8699,0.9363,0.9284,0.9525
 World,Czechoslovakia,Import,Import Partner Share (%),0.2792,0.2557,0.2438,0.2328,0.3281,,,,,,,,,,,,,,,,,,,,,,,,,,
 World,Denmark,Import,Import Partner Share (%),1.1793,0.8624,0.9137,0.7832,0.9579,0.7675,0.8664,0.8624,0.8416,0.7734,0.7712,0.7508,0.6802,0.7215,0.7477,0.7704,0.7342,0.7275,0.6961,0.667,0.6482,0.6865,0.5796,0.5754,0.5332,0.535,0.529,0.5213,0.5311,0.5121,0.5267
 World,Djibouti,Import,Import Partner Share (%),0.0002,0.0001,0.0001,0.0002,0.0002,0.0002,0.0003,0.001,0.0004,0.0004,0.0005,0.0003,0.0002,0.001,0.0012,0.001,0.0004,0.0009,0.0017,0.0015,0.0017,0.0016,0.0008,0.0007,0.0007,0.0007,0.0008,0.0009,0.0007,0.0009,0.0008
 World,Dominica,Import,Import Partner Share (%),0.0008,0.005,0.0029,0.003,0.0025,0.0035,0.0028,0.002,0.0019,0.0017,0.0017,0.0021,0.0016,0.0013,0.001,0.0009,0.0008,0.0008,0.0007,0.0007,0.0006,0.001,0.0004,0.0005,0.0005,0.0004,0.0005,0.0006,0.0004,0.0004,0.0006
 World,Dominican Republic,Import,Import Partner Share (%),0.0162,0.0175,0.0119,0.1142,0.1056,0.1034,0.0944,0.0844,0.0835,0.0937,0.0958,0.0868,0.0775,0.0767,0.0755,0.0701,0.0622,0.0566,0.0522,0.0474,0.0415,0.0433,0.0407,0.0396,0.043,0.0455,0.0497,0.0537,0.0581,0.0522,0.0511
 World,East Timor,Import,Import Partner Share (%),0,0,0,0,0,0,0.0001,0,0,0,0,0,0.0006,0.0001,0.0003,0.0001,0.0006,0.0007,0.0003,0.0002,0.0011,0.0008,0.0005,0.0009,0.0037,0.0047,0.0007,0.0021,0.0004,0.0006,0.0004
 World,Ecuador,Import,Import Partner Share (%),0.0767,0.0449,0.0504,0.1409,0.1261,0.1073,0.1181,0.1109,0.1088,0.1131,0.0984,0.1008,0.0964,0.0963,0.0963,0.0981,0.107,0.1186,0.1218,0.1152,0.1379,0.129,0.1265,0.1331,0.1477,0.1511,0.1512,0.1282,0.116,0.1163,0.1188
 World,"Egypt, Arab Rep.",Import,Import Partner Share (%),0.1182,0.1022,0.1035,0.0935,0.1168,0.1127,0.1365,0.1203,0.1173,0.1044,0.0937,0.0953,0.0935,0.0907,0.1077,0.1133,0.1268,0.1387,0.174,0.1795,0.1915,0.1933,0.1858,0.1889,0.1812,0.1653,0.1555,0.1499,0.1507,0.165,0.1621
 World,El Salvador,Import,Import Partner Share (%),0.0312,0.0151,0.0111,0.0253,0.021,0.0295,0.0356,0.0355,0.0378,0.0455,0.0504,0.0466,0.0433,0.0488,0.0476,0.0428,0.036,0.0326,0.0264,0.0291,0.0261,0.0307,0.0299,0.0309,0.0289,0.0263,0.0272,0.0331,0.0337,0.0323,0.0224
 World,Equatorial Guinea,Import,Import Partner Share (%),0.0009,0.0022,0.0022,0.0012,0.0012,0.0014,0.0014,0.0023,0.0038,0.0073,0.0084,0.0123,0.0195,0.0295,0.0294,0.036,0.0462,0.0632,0.0695,0.0679,0.0994,0.0742,0.0633,0.0736,0.0863,0.0791,0.07,0.0409,0.0295,0.0316,0.0359
 World,Eritrea,Import,Import Partner Share (%),,,,,,0.0001,0.0001,0.0002,0.0006,0.0009,0.0006,0.0002,0.0002,0.0002,0.0002,0.0002,0.0001,0.0003,0.0002,0.0006,0.0002,0.0003,0.0001,0.002,0.0033,0.0018,0.0032,0.0029,0.0024,0.0025,0.0027
 World,Estonia,Import,Import Partner Share (%),,,,,0.0092,0.0126,0.0245,0.0356,0.044,0.0522,0.0566,0.0544,0.0717,0.0665,0.0645,0.0678,0.074,0.0777,0.078,0.0711,0.0656,0.0618,0.0687,0.0858,0.075,0.0768,0.0912,0.0769,0.0861,0.0794,0.0806
 World,Eswatini,Import,Import Partner Share (%),,,,,,,,,,,,,0.0049,0.0061,0.0078,0.0079,0.0082,0.0082,0.008,0.0074,0.0068,0.0074,0.013,0.01,0.012,0.0127,0.0124,0.0107,0.0105,0.0112,0.0103
 World,Ethiopia(excludes Eritrea),Import,Import Partner Share (%),,,,,,0.006,0.0083,0.0105,0.0091,0.0102,0.0109,0.0071,0.0067,0.0058,0.0059,0.0062,0.0064,0.0081,0.0091,0.0086,0.0094,0.0121,0.0111,0.0119,0.013,0.0127,0.0154,0.0183,0.0168,0.0156,0.0137
 World,Ethiopia(includes Eritrea),Import,Import Partner Share (%),0.0226,0.0165,0.0102,0.0075,0.0049,,,,,,,,,,,,,,,,,,,,,,,,,,
 World,Faeroe Islands,Import,Import Partner Share (%),0.0074,0.0196,0.0196,0.0152,0.0137,0.0117,0.0092,0.0076,0.0081,0.0076,0.0079,0.0074,0.0064,0.0084,0.0078,0.0078,0.0068,0.0055,0.0059,0.0057,0.0062,0.0057,0.0054,0.006,0.0054,0.007,0.0077,0.0075,0.0091,0.0087,0.0079
 World,Falkland Island,Import,Import Partner Share (%),0.0003,0.0003,0.0004,0.0004,0.0001,0.0003,0.0004,0.0006,0.001,0.0012,0.002,0.002,0.0014,0.0013,0.0014,0.002,0.0015,0.0016,0.0013,0.0013,0.0012,0.0012,0.0012,0.001,0.0012,0.0011,0.0011,0.0013,0.0016,0.0012,0.0016
 World,Fiji,Import,Import Partner Share (%),0.0113,0.0184,0.016,0.0125,0.0115,0.0152,0.0136,0.0122,0.0126,0.0102,0.0105,0.0111,0.009,0.0085,0.0079,0.0079,0.0074,0.0065,0.0058,0.0048,0.0046,0.0053,0.005,0.0046,0.0043,0.004,0.0043,0.0045,0.0043,0.0042,0.0034
 World,Finland,Import,Import Partner Share (%),0.631,0.5839,0.5951,0.4777,0.6064,0.6558,0.712,0.7386,0.7136,0.7118,0.7448,0.7267,0.6937,0.6951,0.6742,0.668,0.6587,0.6618,0.658,0.6551,0.6168,0.5468,0.477,0.4625,0.422,0.4194,0.4205,0.4062,0.4062,0.4194,0.4281
 World,Fm Sudan,Import,Import Partner Share (%),0.0332,0.0201,0.0142,0.0125,0.0093,0.0104,0.0119,0.0111,0.0092,0.0082,0.011,0.012,0.0284,0.0309,0.0341,0.0363,0.0435,0.0511,0.0503,0.0623,0.0827,0.0664,0.0717,0.0868,,,,,,,
 World,Fr. So. Ant. Tr,Import,Import Partner Share (%),,,0,0,0,0,0,0,0,0.0004,0,0.0001,0,0,0,0.0001,0.0001,0.0002,0,0,0.0001,0,0,0,0,0,0.0001,0,0.0001,0.0001,0.0001
 World,France,Import,Import Partner Share (%),7.0712,6.1422,6.5485,5.6039,5.6002,5.0732,5.1588,5.5387,5.2232,5.0946,5.4676,5.1931,4.5918,4.7781,4.6944,4.7755,4.5794,4.1977,4.0654,4.0181,3.806,3.92,3.4759,3.3089,3.1925,3.1984,3.2434,3.2161,3.2383,3.1821,3.1041
 World,Free Zones,Import,Import Partner Share (%),,,0.002,0.0022,0.0114,0.0126,0.0788,0.0899,0.054,0.0891,0.1311,0.138,0.0433,0.0376,0.0458,0.0192,0.0313,0.0407,0.0403,0.0505,0.0203,0.0231,0.0253,0.017,0.0262,0.0255,0.0258,0.0345,0.0401,0.0206,0.017
 World,French Guiana,Import,Import Partner Share (%),0.001,0.0018,0.0027,0.0005,0.0007,0.0004,0.0021,0.0018,,,,,,,,,,,,,,,,,,,,,,,
 World,French Polynesia,Import,Import Partner Share (%),0.0042,0.0043,0.0041,0.0031,0.0022,0.0026,0.0033,0.0025,0.0031,0.0038,0.0032,0.0038,0.0032,0.0026,0.0028,0.0025,0.0024,0.0021,0.002,0.0019,0.0015,0.0013,0.0013,0.0014,0.0013,0.0011,0.0011,0.0013,0.0011,0.0011,0.001
 World,Gabon,Import,Import Partner Share (%),0.0124,0.0181,0.0397,0.0661,0.0649,0.0637,0.0639,0.0575,0.0614,0.064,0.0442,0.0477,0.0534,0.0478,0.0435,0.0463,0.0448,0.0458,0.0362,0.0456,0.0538,0.0389,0.0477,0.0661,0.0636,0.0632,0.0575,0.0372,0.0257,0.0316,0.0347
 World,"Gambia, The",Import,Import Partner Share (%),0.0079,0.0091,0.0055,0.0027,0.0019,0.0024,0.002,0.0037,0.0034,0.0033,0.0029,0.0017,0.0007,0.0005,0.0006,0.0004,0.0005,0.0003,0.0003,0.0004,0.0004,0.0005,0.0005,0.001,0.0009,0.0008,0.0007,0.0008,0.0011,0.0012,0.0006
 World,Georgia,Import,Import Partner Share (%),,,,,0.0012,0.0024,0.0013,0.0023,0.0043,0.0075,0.0063,0.0074,0.01,0.0097,0.0091,0.0134,0.0126,0.0132,0.0146,0.0123,0.0143,0.0131,0.0154,0.0165,0.0137,0.0133,0.015,0.0135,0.0119,0.0137,0.013
 World,German Democratic Republic,Import,Import Partner Share (%),0.3158,0.2502,0.2177,,,,,,,,,,,,,,,,,,,,,,,,,,,,
 World,Germany,Import,Import Partner Share (%),6.1824,6.7219,6.9758,6.177,7.7103,7.313,9.1521,9.8741,9.4013,8.8664,9.423,9.0395,8.1848,8.7119,9.0232,9.3508,9.2609,8.8449,8.5884,8.9111,8.4963,8.4103,7.8525,7.6989,7.3139,7.398,7.5702,7.6863,7.8924,7.6635,7.6124
 World,Ghana,Import,Import Partner Share (%),0.041,0.0373,0.045,0.0374,0.0269,0.0297,0.0347,0.0308,0.0297,0.0271,0.032,0.0297,0.0254,0.0252,0.0268,0.0275,0.0253,0.0226,0.0231,0.0243,0.0273,0.0283,0.0318,0.0594,0.0646,0.0747,0.0719,0.0718,0.0791,0.0732,0.0843
 World,Gibraltar,Import,Import Partner Share (%),0.0002,0.0004,0.0016,0.0011,0.0013,0.0014,0.0018,0.0019,0.0021,0.0018,0.0013,0.0017,0.001,0.0017,0.0016,0.0019,0.0019,0.0022,0.0014,0.0021,0.0014,0.0023,0.0024,0.0021,0.0028,0.0034,0.0061,0.0027,0.0017,0.0022,0.001
 World,Greece,Import,Import Partner Share (%),0.3269,0.2663,0.262,0.2076,0.1912,0.2051,0.1897,0.1839,0.195,0.1805,0.1705,0.1744,0.1541,0.1665,0.1675,0.1678,0.1613,0.1576,0.1665,0.1685,0.1589,0.1704,0.1536,0.1559,0.1572,0.1636,0.164,0.1532,0.1554,0.1605,0.1743
 World,Greenland,Import,Import Partner Share (%),0.0281,0.0442,0.0382,0.0219,0.0166,0.0153,0.0115,0.0102,0.0098,0.008,0.0072,0.0075,0.0066,0.0065,0.0068,0.0067,0.0058,0.0055,0.0049,0.0047,0.0048,0.0051,0.0043,0.004,0.0041,0.0045,0.0043,0.005,0.0058,0.0056,0.006
 World,Grenada,Import,Import Partner Share (%),0.0011,0.0005,0.0004,0.0008,0.0007,0.0008,0.0006,0.0006,0.0004,0.0006,0.0008,0.0009,0.0009,0.001,0.0007,0.0007,0.0003,0.0003,0.0003,0.0004,0.0003,0.0003,0.0002,0.0002,0.0003,0.0003,0.0002,0.0003,0.0002,0.0002,0.0002
 World,Guadeloupe,Import,Import Partner Share (%),0.0026,0.0014,0.0005,0.0002,0.0004,0.0004,0.0039,0.0025,,,,,,,,,,,,,,,,,,,,,,,
 World,Guam,Import,Import Partner Share (%),,,,,,,,,,,,,0.002,0.001,0.0009,0.0012,0.0008,0.0007,0.0008,0.001,0.0009,0.0008,0.0006,0.0007,0.0009,0.0007,0.0002,0.0002,0.0002,0.0002,0.0002
 World,Guatemala,Import,Import Partner Share (%),0.0249,0.0218,0.0196,0.0679,0.064,0.0621,0.0679,0.0689,0.0668,0.073,0.0797,0.0773,0.0734,0.0753,0.0762,0.0697,0.0618,0.0597,0.0526,0.0511,0.0475,0.0626,0.058,0.0612,0.0562,0.0508,0.058,0.0672,0.0685,0.0649,0.0543
 World,Guinea,Import,Import Partner Share (%),0.0091,0.0129,0.0112,0.0175,0.0145,0.0143,0.0136,0.0154,0.0167,0.0156,0.0166,0.015,0.0139,0.0151,0.0144,0.0121,0.0111,0.0121,0.0118,0.0158,0.0109,0.0089,0.0141,0.0149,0.0113,0.0133,0.0147,0.0116,0.022,0.0347,0.0334
 World,Guinea-Bissau,Import,Import Partner Share (%),0.0008,0.001,0.0019,0.0014,0.0006,0.0012,0.002,0.0023,0.0014,0.0012,0.0012,0.0012,0.002,0.0014,0.0013,0.001,0.0012,0.001,0.0004,0.0006,0.0009,0.0009,0.0011,0.0021,0.001,0.0016,0.0014,0.0018,0.0023,0.002,0.0008
 World,Guyana,Import,Import Partner Share (%),0.0033,0.0045,0.0043,0.0088,0.0089,0.0139,0.0124,0.0105,0.011,0.0111,0.0107,0.0102,0.0095,0.0095,0.0085,0.0078,0.0071,0.0061,0.0056,0.0058,0.0062,0.0076,0.007,0.0079,0.0093,0.0086,0.0077,0.0077,0.0092,0.0085,0.0075
 World,Haiti,Import,Import Partner Share (%),0.0019,0.0024,0.0019,0.0162,0.005,0.0061,0.0022,0.004,0.0039,0.0045,0.0061,0.0062,0.0051,0.0048,0.0045,0.005,0.0048,0.0052,0.0053,0.0048,0.0041,0.0053,0.0046,0.005,0.0053,0.0056,0.0059,0.0072,0.0071,0.0065,0.0065
 World,Heard Island and McDonald Isla,Import,Import Partner Share (%),,,,,,,,,,,,,0,0,0,0,0,0,0,0,0,0,0,0,0.0014,0.0011,0,0,0,0.0026,0
 World,Holy See,Import,Import Partner Share (%),,,,,,,,,,,,,0.0001,0.0001,0.0001,0.0001,0,0,0,0,0,0.0001,0,0.0004,0.0001,0,0,0.0001,0,0,0
 World,Honduras,Import,Import Partner Share (%),0.0303,0.0276,0.0205,0.0473,0.0493,0.0498,0.0483,0.0505,0.0537,0.0624,0.0698,0.066,0.0613,0.0648,0.0657,0.0581,0.0532,0.0505,0.0448,0.0438,0.0411,0.0445,0.0443,0.046,0.0468,0.0442,0.0464,0.053,0.0546,0.052,0.048
 World,"Hong Kong, China",Import,Import Partner Share (%),1.0632,1.0143,0.9639,1.2469,1.9418,1.5091,1.1854,1.0716,1.0057,0.9794,0.9643,0.9636,0.8758,0.8125,0.8284,0.7779,0.7116,0.6523,0.6017,0.5408,0.5098,0.5241,0.5071,0.4744,0.4589,0.4205,0.3961,0.5211,0.5633,0.4966,0.4602
 World,Hungary,Import,Import Partner Share (%),0.2784,0.2372,0.2401,0.2083,0.2077,0.1769,0.2409,0.2773,0.3134,0.3612,0.4429,0.4582,0.4569,0.5135,0.5265,0.5475,0.56,0.5494,0.5576,0.6405,0.6095,0.606,0.5821,0.5505,0.5096,0.5349,0.5679,0.6064,0.636,0.6243,0.6302
 World,Iceland,Import,Import Partner Share (%),0.0782,0.0566,0.0514,0.0455,0.0383,0.0484,0.0445,0.041,0.0415,0.0376,0.0405,0.0393,0.0344,0.0375,0.0371,0.0343,0.0318,0.028,0.0292,0.0295,0.0274,0.0319,0.03,0.0292,0.0298,0.0252,0.0281,0.0239,0.0273,0.0288,0.031
 World,India,Import,Import Partner Share (%),0.5326,0.5057,0.5179,0.615,0.5455,0.67,0.636,0.6336,0.6811,0.6915,0.6893,0.7053,0.7168,0.7473,0.824,0.8824,0.9523,1.0184,1.0646,1.1652,1.2737,1.3364,1.5025,1.5743,1.5028,1.5064,1.4913,1.5318,1.5447,1.5882,1.5084
 World,Indonesia,Import,Import Partner Share (%),1.7272,1.3072,1.2646,1.1384,1.095,1.1032,0.9758,0.9135,0.9706,1.0022,0.9536,0.9731,1.0211,1.0114,0.9925,1.0723,1.0274,1.0242,1.0386,1.032,1.062,1.1203,1.1883,1.2546,1.2144,1.1464,1.0917,1.09,1.0686,1.1113,1.0915
 World,"Iran, Islamic Rep.",Import,Import Partner Share (%),0.2951,0.5776,0.7255,0.4777,0.4528,0.4274,0.3737,0.3413,0.3731,0.3277,0.2288,0.2973,0.3994,0.3608,0.3034,0.3865,0.4039,0.4667,0.57,0.5711,0.6709,0.5363,0.5897,0.6744,0.4891,0.3564,0.3652,0.2552,0.3086,0.389,0.4212
 World,Iraq,Import,Import Partner Share (%),0.2022,0.574,0.3409,0.0011,0.0021,0.001,0.0111,0.0098,0.0008,0.0609,0.0969,0.2001,0.2586,0.1854,0.1491,0.1217,0.2023,0.1799,0.2423,0.2676,0.3754,0.3152,0.3388,0.4349,0.5247,0.4855,0.468,0.3378,0.3136,0.3929,0.5445
 World,Ireland,Import,Import Partner Share (%),0.4931,0.4394,0.4646,0.45,0.5194,0.8115,0.7626,0.8591,0.8533,0.897,1.1048,1.2337,1.2393,1.388,1.5488,1.5138,1.4255,1.3478,1.2021,1.1634,1.0162,1.2044,1.0253,0.9263,0.8401,0.8029,0.8019,0.9703,1.0435,0.978,1.0513
 World,Israel,Import,Import Partner Share (%),0.2963,0.2468,0.2914,0.3346,0.3248,0.3623,0.3563,0.3583,0.3806,0.3995,0.4286,0.4525,0.4804,0.4663,0.4474,0.4024,0.3956,0.4004,0.3773,0.3979,0.3871,0.4042,0.3874,0.375,0.3633,0.3677,0.3662,0.3868,0.3759,0.3489,0.3341
 World,Italy,Import,Import Partner Share (%),5.6919,5.0138,5.3591,4.4586,4.3817,3.8284,4.2132,4.3092,4.3476,4.0382,4.1671,3.884,3.4216,3.5907,3.5943,3.6321,3.497,3.3055,3.2246,3.3472,3.1922,3.113,2.8002,2.7427,2.6698,2.6753,2.7269,2.7617,2.8783,2.9248,2.8274
 World,Jamaica,Import,Import Partner Share (%),0.0088,0.0239,0.0168,0.0465,0.0399,0.0485,0.0421,0.038,0.0393,0.0353,0.0354,0.03,0.025,0.0245,0.0226,0.0208,0.0189,0.0178,0.019,0.017,0.0163,0.011,0.0073,0.0089,0.0074,0.0076,0.007,0.0076,0.0064,0.0065,0.0074
 World,Japan,Import,Import Partner Share (%),7.7664,8.5822,8.2048,11.3606,10.5341,11.2112,9.8468,8.9501,8.005,8.1721,7.6572,7.8546,7.974,7.1794,7.0762,6.8619,6.7347,6.3394,5.9032,5.6333,5.32,5.1956,5.4756,4.9722,4.8952,4.3656,4.22,4.4093,4.6037,4.4512,4.2806
 World,Jordan,Import,Import Partner Share (%),0.033,0.0371,0.0355,0.022,0.0246,0.0192,0.0155,0.0158,0.0166,0.0152,0.0192,0.0193,0.0187,0.0227,0.0317,0.0319,0.0358,0.0337,0.0328,0.0328,0.0392,0.0368,0.0342,0.0347,0.0346,0.0313,0.0374,0.0463,0.0413,0.0404,0.0365
 World,Kazakhstan,Import,Import Partner Share (%),,,,,0.0106,0.0247,0.0256,0.0312,0.0978,0.1046,0.0922,0.0949,0.1374,0.1289,0.143,0.1492,0.1924,0.2198,0.2534,0.269,0.3292,0.2766,0.3115,0.3738,0.3812,0.3531,0.3086,0.2133,0.1857,0.2308,0.2735
 World,Kenya,Import,Import Partner Share (%),0.0345,0.0277,0.0246,0.0215,0.022,0.029,0.0342,0.0349,0.0361,0.0329,0.0336,0.0305,0.026,0.029,0.0307,0.0313,0.03,0.0296,0.0277,0.0258,0.0304,0.0332,0.0293,0.0299,0.0313,0.0311,0.0346,0.0346,0.0322,0.0298,0.031
 World,Kiribati,Import,Import Partner Share (%),0.0006,0.0004,0.0001,0.0003,0,0.0003,0.0003,0.0001,0.0002,0.0007,0.0005,0.0001,0.0003,0.0006,0.0005,0.0004,0.0001,0.0001,0.0001,0.0001,0.0002,0.0003,0.0002,0.0003,0.0004,0.0005,0.0005,0.0008,0.0009,0.001,0.0007
 World,"Korea, Dem. Rep.",Import,Import Partner Share (%),0.0642,0.0421,0.0395,0.0414,0.0308,0.0307,0.0294,0.0194,0.018,0.0245,0.0184,0.0164,0.0169,0.0157,0.0153,0.013,0.014,0.0129,0.0151,0.0198,0.0139,0.0118,0.0141,0.0189,0.0175,0.0196,0.0184,0.0191,0.0184,0.0111,0.0018
 World,"Korea, Rep.",Import,Import Partner Share (%),2.5104,2.1673,1.8598,2.3777,2.1094,2.2956,2.1003,2.2277,2.1459,2.2009,2.2403,2.4565,2.702,2.5034,2.5656,2.6745,2.8586,2.8636,2.8915,2.7823,2.6604,2.8789,3.0927,3.0461,3.095,3.1476,3.2188,3.3746,3.3376,3.4735,3.1879
 World,Kuwait,Import,Import Partner Share (%),0.3318,0.4713,0.29,0.0205,0.1425,0.2839,0.2251,0.2155,0.2355,0.2329,0.1767,0.2272,0.2991,0.2584,0.2431,0.2695,0.2974,0.3715,0.4308,0.4224,0.5361,0.4264,0.4552,0.5393,0.639,0.5945,0.54,0.3583,0.274,0.3096,0.3781
 World,Kyrgyz Republic,Import,Import Partner Share (%),,,,,0.0011,0.0028,0.0033,0.0048,0.0072,0.0069,0.0092,0.0065,0.0058,0.0047,0.0038,0.0046,0.0049,0.0044,0.0044,0.0051,0.0059,0.0053,0.0075,0.0045,0.0063,0.0068,0.0066,0.0063,0.0049,0.0082,0.0084
 World,Lao PDR,Import,Import Partner Share (%),0.0045,0.0054,0.0039,0.0033,0.0034,0.0041,0.005,0.0052,0.0055,0.0048,0.0038,0.0042,0.0057,0.0054,0.0052,0.0048,0.0048,0.0058,0.0089,0.0084,0.0088,0.0115,0.0137,0.0167,0.0179,0.0212,0.0252,0.0265,0.0281,0.0291,0.0295
 World,Latvia,Import,Import Partner Share (%),,,,,0.0159,0.031,0.0397,0.0453,0.054,0.0571,0.0529,0.046,0.046,0.047,0.0466,0.0498,0.0583,0.0611,0.0639,0.0659,0.0646,0.0612,0.0579,0.0657,0.0638,0.0663,0.0751,0.0631,0.0699,0.0698,0.0802
 World,Lebanon,Import,Import Partner Share (%),0.0145,0.0086,0.0082,0.0157,0.0125,0.0129,0.0116,0.0113,0.0121,0.0108,0.0114,0.0126,0.0131,0.0172,0.0205,0.0203,0.0218,0.0161,0.0175,0.0193,0.0197,0.0181,0.0189,0.0211,0.0207,0.0195,0.0173,0.0184,0.0169,0.0176,0.017
 World,Lesotho,Import,Import Partner Share (%),,,,,,,,,,,,,0.0027,0.0039,0.0055,0.0057,0.0058,0.0049,0.0045,0.0054,0.0042,0.0039,0.0053,0.0058,0.0051,0.0049,0.0055,0.006,0.0059,0.0064,0.0068
 World,Liberia,Import,Import Partner Share (%),0.0406,0.0518,0.0426,0.0063,0.0172,0.0119,0.0079,0.0199,0.0223,0.0214,0.0238,0.0119,0.012,0.0179,0.028,0.0133,0.0121,0.0143,0.0142,0.0076,0.0076,0.0115,0.007,0.0062,0.0073,0.0075,0.0075,0.0079,0.0069,0.0076,0.0083
 World,Libya,Import,Import Partner Share (%),0.3,0.2787,0.3518,0.2197,0.2,0.1381,0.2178,0.1944,0.215,0.1917,0.138,0.1555,0.2148,0.1998,0.166,0.196,0.2241,0.2909,0.3381,0.3304,0.3921,0.3133,0.3305,0.1076,0.3278,0.2308,0.1129,0.0686,0.0619,0.1108,0.1631
 World,Lithuania,Import,Import Partner Share (%),,,,,0.0169,0.0294,0.0356,0.0386,0.0491,0.0552,0.0608,0.0534,0.055,0.0653,0.0729,0.0836,0.0874,0.0934,0.0916,0.0973,0.1196,0.1058,0.1085,0.1245,0.1271,0.1264,0.1388,0.1187,0.1263,0.1353,0.1398
 World,Luxembourg,Import,Import Partner Share (%),,,,,,,,,,,,0.1037,0.1063,0.117,0.1263,0.1491,0.1585,0.1506,0.154,0.1531,0.148,0.1297,0.111,0.1112,0.0964,0.0997,0.103,0.104,0.1034,0.0943,0.0926
 World,Macao,Import,Import Partner Share (%),0.0528,0.0381,0.0343,0.0528,0.0559,0.0554,0.0504,0.0431,0.0393,0.0422,0.0425,0.0397,0.0454,0.0458,0.0455,0.0435,0.0425,0.0312,0.0287,0.0249,0.0182,0.0104,0.0068,0.0071,0.008,0.0098,0.0078,0.0098,0.0095,0.0083,0.0077
 World,Madagascar,Import,Import Partner Share (%),0.0128,0.0103,0.0094,0.0091,0.0076,0.0079,0.0146,0.014,0.0136,0.0129,0.0143,0.0142,0.0146,0.017,0.013,0.0154,0.0151,0.0104,0.0096,0.0097,0.0088,0.0107,0.008,0.0106,0.0101,0.012,0.0137,0.0157,0.0176,0.0201,0.021
 World,Malawi,Import,Import Partner Share (%),0.0132,0.009,0.0098,0.0145,0.0149,0.0111,0.0101,0.0086,0.0091,0.0108,0.0091,0.0091,0.0074,0.0077,0.0074,0.0073,0.0056,0.0064,0.0048,0.0066,0.005,0.0078,0.0071,0.0067,0.0062,0.0056,0.0059,0.0065,0.0063,0.0053,0.0054
 World,Malaysia,Import,Import Partner Share (%),1.2746,1.5614,1.5204,1.5807,1.5077,1.7144,1.6214,1.6374,1.6633,1.6939,1.5587,1.6473,1.8471,1.7548,1.7723,1.7502,1.7009,1.6735,1.6454,1.5969,1.5486,1.6074,1.7409,1.6791,1.6617,1.6293,1.6376,1.696,1.6616,1.6742,1.7271
 World,Maldives,Import,Import Partner Share (%),0.0051,0.0037,0.0032,0.0031,0.0026,0.0024,0.0017,0.0011,0.0014,0.0016,0.0017,0.0021,0.0028,0.0032,0.0038,0.0028,0.0023,0.0014,0.0015,0.0012,0.0012,0.001,0.0009,0.0012,0.0013,0.0013,0.0012,0.0016,0.0018,0.0023,0.0016
 World,Mali,Import,Import Partner Share (%),0.0037,0.0048,0.0054,0.0046,0.0065,0.0056,0.0042,0.0052,0.0054,0.006,0.006,0.0048,0.0042,0.0035,0.0031,0.003,0.0035,0.0028,0.0036,0.002,0.0015,0.0019,0.0046,0.0055,0.0145,0.0164,0.0177,0.0222,0.0169,0.0082,0.0153
 World,Malta,Import,Import Partner Share (%),0.0329,0.0244,0.0256,0.0196,0.0202,0.0245,0.0397,0.0381,0.0323,0.0284,0.0358,0.034,0.0363,0.0377,0.0407,0.0424,0.0379,0.032,0.0346,0.039,0.0496,0.0398,0.0413,0.0352,0.0354,0.0351,0.032,0.0323,0.0363,0.0257,0.0244
 World,Marshall Islands,Import,Import Partner Share (%),,,,,0.0004,0.0005,0.0009,0.0008,0.0004,0.001,0.0017,0.0009,0.0005,0.0026,0.0034,0.0025,0.007,0.0057,0.0096,0.0041,0.0103,0.0065,0.003,0.0028,0.0056,0.0046,0.0047,0.0039,0.004,0.0038,0.0038
 World,Martinique,Import,Import Partner Share (%),0.0024,0.0017,0.0017,0.0011,0.0002,0.0003,0.0055,0.0051,,,,,,,,,,,,,,,,,,,,,,,
 World,Mauritania,Import,Import Partner Share (%),0.0301,0.0217,0.0134,0.0105,0.0095,0.0079,0.011,0.0133,0.0134,0.0126,0.0111,0.0115,0.0086,0.0087,0.009,0.0079,0.0091,0.0093,0.0144,0.0132,0.0161,0.0156,0.0161,0.0196,0.0183,0.0183,0.0168,0.013,0.0147,0.0156,0.015
 World,Mauritius,Import,Import Partner Share (%),0.0194,0.0134,0.0138,0.0178,0.0178,0.0318,0.0342,0.0337,0.0319,0.0304,0.0321,0.0289,0.0262,0.0276,0.0268,0.0244,0.021,0.019,0.0169,0.0161,0.0145,0.0168,0.0147,0.0139,0.0137,0.0155,0.0151,0.0181,0.0143,0.0146,0.0144
 World,Mayotte,Import,Import Partner Share (%),,,,,,,,,,,,,0.0001,0,0.0005,0.0001,0.0001,0,0,0.0001,0.0001,0.0001,0.0001,0.0001,0.0002,0.0001,,,,,
 World,Mexico,Import,Import Partner Share (%),0.3791,0.5106,0.4875,1.9895,1.759,1.7038,1.6019,1.6464,1.8062,1.9806,2.1609,2.3593,2.5209,2.5445,2.4794,2.2078,2.067,2.0538,2.0809,1.9876,1.8323,1.9269,2.0862,2.0598,2.1786,2.1472,2.2226,2.5047,2.5501,2.4737,2.5346
 World,"Micronesia, Fed. Sts.",Import,Import Partner Share (%),,,,,0.0014,0.0027,0.004,0.0026,0.0011,0.0009,0.0008,0.001,0.0011,0.0016,0.0011,0.0011,0.0008,0.0005,0.0003,0.0002,0.0002,0.0004,0.0004,0.0003,0.0005,0.0002,0.0002,0.0001,0.0004,0.0006,0.0007
 World,Moldova,Import,Import Partner Share (%),,,,,0.006,0.0053,0.0052,0.0076,0.0243,0.0237,0.0191,0.0124,0.0129,0.0135,0.0127,0.0141,0.0153,0.0136,0.0116,0.0144,0.0151,0.012,0.0114,0.0131,0.0131,0.0137,0.015,0.0146,0.0149,0.0167,0.0178
 World,Monaco,Import,Import Partner Share (%),,,0,0,0,0.1167,0.1198,0.1153,0.1363,0.0014,0.0008,0.0009,,,0,,,,,,,,,,,,,,,,
 World,Mongolia,Import,Import Partner Share (%),0.0045,0.0051,0.0022,0.0015,0.0043,0.0051,0.0055,0.0071,0.0082,0.0088,0.0072,0.0065,0.0069,0.0079,0.0079,0.0077,0.0094,0.0091,0.0132,0.0133,0.0127,0.0136,0.0206,0.0243,0.025,0.0227,0.0312,0.0281,0.0296,0.0351,0.0392
 World,Montenegro,Import,Import Partner Share (%),,,,,,,,,,,,,,,,,,,0.0048,0.0046,0.0042,0.004,0.0031,0.003,0.0035,0.0031,0.0033,0.0024,0.0027,0.0033,0.0025
 World,Montserrat,Import,Import Partner Share (%),0,0,0.0002,0.0002,0.0001,0.0001,0.0002,0.0003,0.0006,0.0003,0.0001,0.0001,0,0.0001,0.0001,0.0001,0,0,0,0,0,0,0,0,0,0,0,0,0,0.0001,0
 World,Morocco,Import,Import Partner Share (%),0.1392,0.1246,0.132,0.1261,0.1119,0.0952,0.1491,0.1465,0.1433,0.137,0.1452,0.1424,0.1246,0.1318,0.1356,0.1334,0.129,0.1255,0.1189,0.1262,0.1377,0.1222,0.1228,0.1301,0.1268,0.1296,0.1369,0.1543,0.1639,0.1627,0.1656
 World,Mozambique,Import,Import Partner Share (%),0.0079,0.0151,0.0133,0.0119,0.0098,0.0059,0.0054,0.0056,0.0045,0.0051,0.0049,0.0051,0.0059,0.0134,0.0145,0.0139,0.0174,0.0206,0.0212,0.0224,0.0181,0.0201,0.0232,0.0239,0.0274,0.0298,0.034,0.0285,0.0267,0.0347,0.0358
 World,Myanmar,Import,Import Partner Share (%),0.0239,0.0231,0.0287,0.0233,0.0276,0.0302,0.0252,0.0273,0.0242,0.0213,0.02,0.023,0.0308,0.0458,0.0441,0.0369,0.0409,0.0362,0.0384,0.0355,0.0408,0.0491,0.0438,0.047,0.0476,0.0594,0.1305,0.0833,0.0738,0.0763,0.0835
 World,Namibia,Import,Import Partner Share (%),,,,,,,,,,,,,0.0108,0.0167,0.0133,0.0123,0.016,0.017,0.0217,0.0186,0.0121,0.0244,0.0247,0.0247,0.0245,0.0216,0.0234,0.023,0.0198,0.0255,0.0292
 World,Nauru,Import,Import Partner Share (%),0.0095,0.007,0.0044,0.0015,0.0022,0.0016,0.0009,0.001,0.0009,0.0006,0.0005,0.0008,0.0006,0.0003,0.0002,0.0004,0.0002,0,0.0001,0.0002,0.0008,0.0002,0.0004,0.0004,0.0006,0.0004,0.0002,0.0002,0.0001,0.0002,0.0001
 World,Nepal,Import,Import Partner Share (%),0.0156,0.009,0.0098,0.0124,0.0139,0.0139,0.0106,0.0078,0.0081,0.0085,0.0093,0.0105,0.0115,0.0118,0.0087,0.0083,0.0073,0.0065,0.0051,0.0056,0.006,0.0054,0.0052,0.0046,0.0035,0.0038,0.0049,0.0051,0.0045,0.0043,0.0044
 World,Netherlands,Import,Import Partner Share (%),4.9643,3.7972,3.925,3.0871,2.8515,2.6083,2.8378,3.4741,3.3816,3.1852,3.3321,3.1587,3.0279,2.9381,2.8805,3.0056,3.0163,2.9658,2.9371,3.0175,2.9065,2.9054,2.7631,2.7899,2.7077,2.7849,2.7405,2.5518,2.6412,2.6228,2.7104
 World,Netherlands Antilles,Import,Import Partner Share (%),0.0037,0.0054,0.0069,0.0554,0.051,0.0295,0.0308,0.0269,0.0323,0.0269,0.0178,0.0219,0.03,0.0273,0.0203,0.02,0.0193,0.0312,0.0331,0.029,0.0201,0.0262,0.012,0.0002,,,,,,,0
 World,Neutral Zone,Import,Import Partner Share (%),0,0.0036,0.0006,0.0004,0.0042,0.0013,0.0006,0.0005,0.0026,0.0007,0.0006,0.0014,0,0,0,0,0,,0,0,0,0,0,0,,,,,,,
 World,New Caledonia,Import,Import Partner Share (%),0.038,0.0361,0.0185,0.0163,0.0112,0.0097,0.0115,0.0121,0.0113,0.0107,0.0083,0.0073,0.0099,0.0081,0.0078,0.0089,0.0112,0.0103,0.0123,0.0185,0.0091,0.0083,0.01,0.0101,0.008,0.0077,0.0088,0.0088,0.0086,0.0095,0.0113
 World,New Zealand,Import,Import Partner Share (%),0.5559,0.4331,0.415,0.3605,0.3211,0.3236,0.2954,0.2713,0.2756,0.2659,0.2456,0.2347,0.2263,0.2445,0.2279,0.2336,0.2263,0.2151,0.192,0.1953,0.1953,0.2081,0.2099,0.2145,0.2106,0.2154,0.2339,0.2214,0.2206,0.2252,0.2162
 World,Nicaragua,Import,Import Partner Share (%),0.0163,0.0155,0.0132,0.0124,0.0092,0.0078,0.0095,0.0113,0.0131,0.0152,0.0159,0.015,0.0153,0.0174,0.0169,0.0162,0.0166,0.0186,0.0185,0.0186,0.0176,0.0219,0.0223,0.028,0.0284,0.0295,0.0292,0.0322,0.0344,0.0305,0.0292
 World,Niger,Import,Import Partner Share (%),0.0003,0.0059,0.0022,0.001,0.0006,0.0009,0.0028,0.0039,0.0018,0.005,0.0054,0.0053,0.0061,0.0038,0.0021,0.0016,0.0032,0.0024,0.0032,0.0021,0.0013,0.0036,0.0023,0.0045,0.0055,0.0151,0.0048,0.0063,0.0047,0.0042,0.0031
 World,Nigeria,Import,Import Partner Share (%),0.1424,0.2717,0.3207,0.5073,0.4367,0.365,0.2969,0.2749,0.3427,0.3234,0.2208,0.2612,0.3534,0.3243,0.2586,0.3294,0.3759,0.448,0.5076,0.4962,0.5615,0.4341,0.5355,0.6168,0.6,0.5367,0.5081,0.3271,0.2338,0.2703,0.3366
 World,Niue,Import,Import Partner Share (%),,0,0,0,0,0,0,0,0,0,0.0002,0,0.0001,0,0.0001,0,0,0,0,0,0.0001,0.0006,0.002,0,0,0,0,0,0,0.0004,0.0007
 World,Norfolk Island,Import,Import Partner Share (%),0,0,0,0,0,0,0,0.0017,0,0,0,0,0,0,0.0001,0,0,0,0,0,0,0,0,0,0,0,0,0,0,0,0
 World,North Macedonia,Import,Import Partner Share (%),,,,,,0.0238,0.0261,0.024,0.0239,0.024,0.0263,0.0199,0.019,0.0163,0.0145,0.0139,0.0172,0.0183,0.0198,0.0258,0.0241,0.0211,0.0219,0.0253,0.023,0.0243,0.0293,0.0325,0.0364,0.0372,0.0411
 World,Northern Mariana Islands,Import,Import Partner Share (%),,,,,0.0001,0.0001,0,0.0001,0.0001,0.0003,0.0003,0.0002,0.0002,0.0002,0.0002,0.0002,0.0002,0.0001,0.0001,0.0001,0.0001,0,0,0,0,0,0,0,0,0,0
 World,Norway,Import,Import Partner Share (%),0.8103,0.7731,0.8469,0.7037,0.8391,0.8775,0.8608,0.8866,0.9624,0.881,0.7465,0.7469,0.9209,0.8438,0.8194,0.9263,0.9398,0.9815,0.9997,0.9267,0.9837,0.8773,0.8067,0.7935,0.7897,0.7427,0.714,0.5857,0.5521,0.5889,0.6019
 World,Occ.Pal.Terr,Import,Import Partner Share (%),,,,,,,,,,,,,0.0009,0.001,0.0012,0.0012,0.0004,0.0005,0.0005,0.0005,0.0005,0.0006,0.0008,0.0005,0.0007,0.0006,0.0007,0.0008,0.0007,0.0008,0.0007
 World,Oman,Import,Import Partner Share (%),0.3673,0.2662,0.3073,0.2186,0.1837,0.1532,0.1183,0.1027,0.1241,0.1264,0.0884,0.1031,0.1563,0.1614,0.1476,0.1397,0.1329,0.1595,0.1812,0.1591,0.2097,0.1903,0.2103,0.246,0.2714,0.288,0.2697,0.1999,0.1685,0.1796,0.2318
 World,"Other Asia, nes",Import,Import Partner Share (%),2.3492,2.1578,1.9673,2.8695,2.7274,3.1581,2.7204,2.5548,2.5004,2.4101,2.3202,2.4061,2.6372,2.4476,2.5318,2.4305,2.4294,2.3581,2.3427,2.2424,1.9996,2.0791,2.2358,2.0547,2.0862,2.2064,2.2469,2.4325,2.4324,2.4289,2.4137
 World,Pacific Islands,Import,Import Partner Share (%),0,0.0004,0.0022,0.0047,,,,,,,,,,,,,,,,,,,,,,,,,,,
 World,Pakistan,Import,Import Partner Share (%),0.2039,0.1665,0.166,0.1787,0.1685,0.1732,0.1573,0.1541,0.1535,0.1408,0.1455,0.1359,0.1341,0.1467,0.1442,0.1398,0.1316,0.1245,0.1245,0.1197,0.1258,0.1448,0.1446,0.1475,0.1441,0.137,0.1394,0.1494,0.1403,0.1298,0.138
 World,Palau,Import,Import Partner Share (%),,,,,0.0014,0.0011,0.0006,0.0006,0.0007,0.0007,0.0006,0.0007,0.0005,0.0005,0.0004,0.0002,0.0002,0.0003,0.0004,0.0002,0.0002,0.0002,0.0001,0.0001,0.0001,0.0001,0.0001,0.0001,0.0002,0.0001,0.0002
 World,Panama,Import,Import Partner Share (%),0.0805,0.0624,0.0822,0.0615,0.085,0.0797,0.0753,0.0651,0.0627,0.0537,0.045,0.0433,0.0375,0.0505,0.0475,0.0425,0.0376,0.0461,0.0455,0.0461,0.0442,0.0512,0.0442,0.045,0.048,0.0434,0.0293,0.032,0.0282,0.0327,0.0251
 World,Papua New Guinea,Import,Import Partner Share (%),0.1664,0.111,0.0745,0.0716,0.0757,0.089,0.0707,0.0569,0.0522,0.041,0.0321,0.0374,0.0314,0.0277,0.0261,0.0326,0.029,0.0338,0.0353,0.0359,0.0381,0.0417,0.0428,0.046,0.0433,0.037,0.0536,0.0596,0.0555,0.0603,0.0598
 World,Paraguay,Import,Import Partner Share (%),0.0202,0.0573,0.0511,0.0268,0.0221,0.0239,0.0231,0.0265,0.0257,0.0272,0.0244,0.0178,0.0171,0.02,0.0192,0.0217,0.0205,0.0175,0.0178,0.0224,0.0305,0.0284,0.0312,0.0329,0.0311,0.0409,0.0419,0.0376,0.0404,0.0379,0.0385
 World,Peru,Import,Import Partner Share (%),0.1092,0.1199,0.1088,0.1151,0.1083,0.0974,0.1082,0.1055,0.1078,0.1249,0.1037,0.1,0.1029,0.1108,0.1177,0.1155,0.1379,0.1628,0.19,0.1999,0.1865,0.194,0.2191,0.2378,0.2643,0.2424,0.2184,0.2172,0.2343,0.2663,0.2715
 World,Philippines,Import,Import Partner Share (%),0.4571,0.3475,0.3065,0.4212,0.3967,0.4154,0.3847,0.3946,0.4505,0.5513,0.6097,0.6578,0.7224,0.6703,0.7051,0.6803,0.6266,0.6094,0.5917,0.5638,0.461,0.4432,0.4902,0.4235,0.4227,0.4037,0.4374,0.4749,0.4928,0.5122,0.5057
 World,Pitcairn,Import,Import Partner Share (%),0,0.0003,0,0.0002,0,0.0004,0.0001,0.0001,0.0001,0.0001,0,0.0003,0,0,0,0,0.0002,0,0.0002,0,0.0001,0,0,0,0,0,0,0,0,0,0
 World,Poland,Import,Import Partner Share (%),0.3402,0.3289,0.4157,0.3626,0.3764,0.3571,0.3926,0.4291,0.4301,0.4348,0.4791,0.4598,0.4621,0.5352,0.5897,0.6705,0.7109,0.7226,0.8095,0.8939,0.945,0.9663,0.9427,0.9541,0.9332,1.0064,1.0708,1.1251,1.2103,1.2252,1.262
 World,Portugal,Import,Import Partner Share (%),0.3559,0.4541,0.5043,0.4215,0.4298,0.4758,0.4217,0.4501,0.4518,0.4294,0.4384,0.422,0.3774,0.3862,0.3991,0.4205,0.3927,0.3554,0.3536,0.3387,0.3046,0.3342,0.3078,0.3215,0.3146,0.3304,0.337,0.3361,0.3451,0.3444,0.3501
 World,Qatar,Import,Import Partner Share (%),0.2046,0.1946,0.2179,0.1449,0.1346,0.1082,0.0773,0.0722,0.0849,0.1052,0.0942,0.1162,0.1807,0.1893,0.1686,0.1851,0.1995,0.2447,0.2857,0.293,0.4194,0.3743,0.4503,0.6101,0.6987,0.7022,0.6649,0.4747,0.352,0.3652,0.4558
 World,Reunion,Import,Import Partner Share (%),0.0031,0.0011,0.0004,0.0004,0.0002,0.0008,0.0036,0.0034,,,,,,,,,,,,,,,,,,,,,,,
 World,Romania,Import,Import Partner Share (%),0.173,0.1715,0.1092,0.0763,0.0925,0.0888,0.1287,0.1462,0.1489,0.1539,0.1659,0.1622,0.1698,0.2012,0.2285,0.2488,0.2678,0.2682,0.2688,0.2601,0.2777,0.3079,0.3159,0.3343,0.3097,0.3399,0.3769,0.3723,0.4031,0.4056,0.4272
 World,Russian Federation,Import,Import Partner Share (%),,,,,1.0454,1.1048,1.3028,1.365,1.5447,1.4296,1.3524,1.3024,1.6918,1.6665,1.6873,1.8648,2.1057,2.3769,2.5194,2.5352,2.8053,2.4401,2.5683,2.852,2.8788,2.7579,2.5539,1.9889,1.7619,2.009,2.2916
 World,Rwanda,Import,Import Partner Share (%),0.0092,0.0046,0.0035,0.0027,0.0022,0.0022,0.001,0.001,0.0013,0.0017,0.0015,0.0008,0.001,0.0011,0.0018,0.0015,0.0037,0.001,0.0009,0.001,0.0012,0.0017,0.0013,0.0019,0.0018,0.0019,0.0021,0.0023,0.0028,0.0034,0.0054
 World,Saint Barth?lemy,Import,Import Partner Share (%),,,,,,,,,,,,,,,,,,,,,,,,,,0,0,0.0001,0.0001,0.0002,0
 World,Saint Helena,Import,Import Partner Share (%),0.0004,0.0002,0.0003,0.0003,0.0002,0.0002,0.0001,0.0001,0.0001,0.0001,0.0001,0.0002,0.0002,0.0002,0.0004,0.0003,0.0002,0.0001,0.0001,0.0002,0.0003,0.0002,0.0001,0.0001,0.0001,0.0001,0.0001,0.0003,0.0002,0.0002,0.0002
 World,Saint Maarten (Dutch part),Import,Import Partner Share (%),,,,,,,,,,,,,,,,,,,,,,,,0.0002,0.0003,0.0004,0.0004,0.0005,0.0008,0.0008,0.0006
 World,Saint Pierre and Miquelon,Import,Import Partner Share (%),0.0001,0.0009,0.0004,0.0007,0.0006,0,0.0005,0.0001,0.0002,0.0003,0.0003,0.0002,0.0002,0.0002,0.0001,0.0001,0.0001,0.0001,0.0002,0.0001,0.0001,0.0001,0,0.0001,0,0,0,0,0,0,0
 World,Samoa,Import,Import Partner Share (%),0.0008,0.001,0.0006,0.0007,0.0013,0.0019,0.0014,0.0012,0.0014,0.0011,0.0011,0.001,0.0009,0.001,0.001,0.0011,0.0009,0.0008,0.0007,0.0008,0.0006,0.0006,0.0006,0.0004,0.0004,0.0003,0.0003,0.0003,0.0004,0.0002,0.0002
 World,San Marino,Import,Import Partner Share (%),,,,,,,,,,,,,0.0006,0.0005,0.0005,0.0006,0.0006,0.0004,0.0004,0.0015,0.0014,0.0012,0.0011,0.0009,0.0007,0.0007,0.0008,0.0009,0.0011,0.0015,0.0008
 World,Sao Tome and Principe,Import,Import Partner Share (%),0.0012,0.0007,0.0002,0.0001,0.0002,0.0002,0.0002,0.0001,0.0002,0.0003,0.0003,0.0003,0.0003,0.0002,0.0002,0.0002,0.0001,0.0001,0.0002,0.0001,0.0001,0.0001,0.0001,0.0001,0.0001,0.0001,0.0001,0.0001,0.0001,0.0001,0.0001
 World,Saudi Arabia,Import,Import Partner Share (%),1.5014,1.4691,1.8589,2.0107,1.7275,1.3447,1.1064,1.0091,1.0915,1.123,0.7777,0.8717,1.2218,1.1379,1.057,1.1912,1.2869,1.5818,1.7245,1.5916,2.0154,1.4636,1.6112,1.9665,2.1133,2.0251,1.9159,1.1858,1.1032,1.2346,1.5482
 World,Senegal,Import,Import Partner Share (%),0.0135,0.017,0.0134,0.0104,0.0088,0.0045,0.0107,0.0113,0.0123,0.0119,0.0134,0.0121,0.0108,0.012,0.0132,0.0115,0.0104,0.0101,0.0079,0.0101,0.0107,0.0082,0.0116,0.0136,0.016,0.0092,0.0098,0.0138,0.0183,0.0195,0.016
 World,"Serbia, FR(Serbia/Montenegro)",Import,Import Partner Share (%),,,,,0.1457,0.0052,0.0061,0.0054,0.0241,0.0372,0.0391,0.0217,0.0227,0.0257,0.0299,0.0326,0.0411,0.0448,0.0504,0.0614,0.0657,0.0625,0.0617,0.0646,0.0628,0.078,0.082,0.0859,0.0958,0.1013,0.1033
 World,Seychelles,Import,Import Partner Share (%),0.004,0.0049,0.0044,0.0023,0.0013,0.0014,0.0018,0.0009,0.0013,0.0019,0.0021,0.0027,0.0029,0.0042,0.006,0.0052,0.0044,0.0046,0.0038,0.0031,0.0027,0.0032,0.0027,0.0022,0.0027,0.0033,0.0031,0.003,0.0037,0.0037,0.0035
 World,Sierra Leone,Import,Import Partner Share (%),0.0053,0.007,0.0052,0.0069,0.0062,0.005,0.0039,0.0039,0.0042,0.0038,0.0023,0.0016,0.0025,0.0016,0.0026,0.0027,0.0026,0.0022,0.0024,0.0029,0.0023,0.0023,0.0024,0.0028,0.0057,0.0104,0.0121,0.004,0.0043,0.0051,0.0039
 World,Singapore,Import,Import Partner Share (%),0.9986,1.2347,1.3136,1.561,1.4945,1.7693,1.6585,1.6436,1.6933,1.6565,1.4893,1.4704,1.5677,1.4088,1.4158,1.3962,1.3983,1.4426,1.4302,1.3594,1.3352,1.4277,1.4692,1.4345,1.4937,1.3944,1.3969,1.4286,1.336,1.3646,1.4136
 World,Slovak Republic,Import,Import Partner Share (%),,,,,,0.1278,0.1506,0.1796,0.1782,0.1694,0.198,0.1866,0.1772,0.203,0.2404,0.2904,0.2977,0.2831,0.3079,0.3792,0.3886,0.3934,0.387,0.3973,0.3966,0.4059,0.4074,0.4125,0.4564,0.4445,0.4628
 World,Slovenia,Import,Import Partner Share (%),,,,,0.0991,0.1199,0.1571,0.1608,0.1559,0.1465,0.1589,0.144,0.1304,0.1419,0.1524,0.1611,0.1586,0.148,0.1513,0.1727,0.1635,0.1628,0.1539,0.1544,0.1463,0.1569,0.1644,0.1627,0.1792,0.1804,0.189
 World,Solomon Islands,Import,Import Partner Share (%),0.0088,0.0049,0.0046,0.0032,0.0041,0.0056,0.0043,0.0042,0.0044,0.0043,0.0038,0.0029,0.0017,0.0014,0.0015,0.0017,0.0021,0.002,0.002,0.0024,0.0024,0.0023,0.0027,0.0034,0.0038,0.0036,0.0037,0.0044,0.0039,0.0048,0.005
 World,Somalia,Import,Import Partner Share (%),0.001,0.0016,0.0011,0.0026,0.0029,0.0026,0.0023,0.0028,0.0028,0.0007,0.0011,0.0017,0.0017,0.0014,0.0023,0.0025,0.0022,0.0021,0.0029,0.0017,0.0012,0.002,0.0025,0.0026,0.0027,0.0034,0.0035,0.0043,0.004,0.0024,0.0026
 World,South Africa,Import,Import Partner Share (%),0.679,0.556,0.4638,0.4064,0.3571,0.4216,0.4533,0.4438,0.4813,0.5273,0.5077,0.5322,0.5755,0.6358,0.6304,0.6279,0.6425,0.6043,0.6008,0.651,0.6964,0.6898,0.6794,0.7874,0.8075,0.8031,0.7442,0.6859,0.6276,0.6442,0.6461
 World,South Georgia and the South Sa,Import,Import Partner Share (%),,,,,,,,,,,,,0,0,0,0,0,0.0001,0.0001,0.0001,0,0.0003,0,0,0,0,0,0,0,0,0
 World,South Sudan,Import,Import Partner Share (%),,,,,,,,,,,,,,,,,,,,,,,,,0.0036,0.0134,0.0237,0.0145,0.0094,0.0076,0.0091
 World,Soviet Union,Import,Import Partner Share (%),1.5378,1.5595,1.4162,1.0602,,,,,,,,,,,,,,,,,,,,,,,,,,,
 World,Spain,Import,Import Partner Share (%),1.4528,1.1152,1.2895,1.191,1.2456,1.0887,1.7162,1.8205,1.8507,1.7998,1.9578,1.8841,1.6871,1.7436,1.8298,1.9179,1.8586,1.7646,1.7244,1.7595,1.6778,1.7105,1.5744,1.5365,1.486,1.5304,1.5686,1.6085,1.6932,1.6874,1.6612
 World,Special Categories,Import,Import Partner Share (%),0.1461,0.2576,0.1952,0.1619,0.3285,0.5749,0.4045,0.4027,0.6432,0.745,0.5055,0.7948,0.0006,0.3024,0.2936,0.0081,0.0083,0.0131,0.0186,0.0186,0.3143,0.3345,0.2353,0.2897,0.3046,0.2884,0.2447,0.2447,0.1934,0.1843,0.2105
 World,Sri Lanka,Import,Import Partner Share (%),0.0517,0.0427,0.0453,0.0703,0.0722,0.0803,0.0753,0.0734,0.0747,0.0783,0.0815,0.0787,0.0787,0.0799,0.0764,0.0709,0.0688,0.0652,0.0621,0.0591,0.0567,0.0635,0.0585,0.0584,0.0557,0.0555,0.0608,0.0685,0.0672,0.0647,0.0653
 World,St. Kitts and Nevis,Import,Import Partner Share (%),0,0.0001,0,0.0009,0.0011,0.0014,0.0009,0.0009,0.0008,0.001,0.0009,0.0009,0.0012,0.001,0.0011,0.0009,0.0007,0.0007,0.0006,0.0005,0.0005,0.0007,0.0005,0.0005,0.0005,0.0006,0.0006,0.0006,0.0005,0.0005,0.0005
 World,St. Lucia,Import,Import Partner Share (%),0.0005,0.0005,0.0007,0.0015,0.0014,0.0044,0.0028,0.0027,0.0023,0.002,0.0019,0.0019,0.0014,0.0011,0.0011,0.0008,0.0009,0.0016,0.0014,0.001,0.0007,0.0017,0.0007,0.0011,0.0006,0.0009,0.0012,0.0011,0.0009,0.0005,0.0004
 World,St. Vincent and the Grenadines,Import,Import Partner Share (%),0.0004,0.0015,0.0013,0.0021,0.0017,0.0036,0.0025,0.0023,0.002,0.0031,0.0026,0.0032,0.002,0.0025,0.0028,0.0012,0.0027,0.0018,0.002,0.0011,0.0016,0.0025,0.0011,0.0006,0.0005,0.0004,0.0005,0.0008,0.0016,0.0015,0.0009
 World,Sudan,Import,Import Partner Share (%),,,,,,,,,,,,,,,,,,,,,,,0,0.0002,0.0357,0.0331,0.0303,0.0234,0.0233,0.0282,0.0224
 World,Suriname,Import,Import Partner Share (%),0.0074,0.0086,0.0075,0.0081,0.0095,0.0124,0.01,0.0109,0.0113,0.0103,0.0108,0.0108,0.0086,0.0085,0.0075,0.008,0.0099,0.0093,0.0099,0.0096,0.01,0.0118,0.0124,0.0123,0.0158,0.0136,0.0125,0.0117,0.0096,0.0124,0.0125
 World,Sweden,Import,Import Partner Share (%),1.9148,1.8895,1.832,1.4737,1.3541,1.3968,1.4455,1.5375,1.5454,1.494,1.5314,1.4775,1.3521,1.2649,1.2435,1.3038,1.2964,1.2419,1.1984,1.2047,1.1345,1.037,0.9895,1.0051,0.9282,0.8942,0.8783,0.8525,0.8524,0.8525,0.8556
 World,Switzerland,Import,Import Partner Share (%),2.546,1.9691,2.0464,1.7789,1.6957,1.6456,1.8276,1.8515,1.7629,1.6468,1.711,1.6269,1.4413,1.5033,1.4745,1.4632,1.4333,1.3936,1.3086,1.3786,1.4748,1.6179,1.622,1.7629,1.7339,2.0912,1.7787,1.8443,1.959,1.7635,1.6864
 World,Syrian Arab Republic,Import,Import Partner Share (%),0.0205,0.0482,0.0613,0.0638,0.0519,0.0613,0.0662,0.0669,0.069,0.0711,0.0558,0.0655,0.0783,0.0946,0.1048,0.0805,0.0594,0.0579,0.0544,0.0512,0.0531,0.0486,0.0582,0.0458,0.0122,0.0081,0.006,0.0053,0.0052,0.2395,0.0038
 World,Tajikistan,Import,Import Partner Share (%),,,,,0.001,0.0028,0.0068,0.0057,0.0068,0.0055,0.0053,0.005,0.0066,0.0058,0.007,0.0075,0.0069,0.0076,0.0074,0.0079,0.0066,0.0074,0.0081,0.0067,0.0062,0.0049,0.0041,0.0057,0.0053,0.006,0.0071
 World,Tanzania,Import,Import Partner Share (%),0.024,0.0189,0.0161,0.0123,0.0108,0.0129,0.0116,0.0134,0.0132,0.0126,0.013,0.011,0.0137,0.0118,0.0124,0.0166,0.0162,0.0139,0.0131,0.0127,0.0129,0.0181,0.0193,0.0213,0.0267,0.0277,0.0261,0.0285,0.0304,0.0286,0.024
 World,Thailand,Import,Import Partner Share (%),0.6991,0.7916,0.7788,1.0134,1.0213,1.0721,1.0515,1.0419,1.0677,1.0875,1.0486,1.0952,1.152,1.1481,1.1464,1.1522,1.1609,1.1736,1.1856,1.2016,1.2164,1.3339,1.4001,1.355,1.3236,1.2875,1.3155,1.4497,1.5252,1.4575,1.3796
 World,Togo,Import,Import Partner Share (%),0.0086,0.0113,0.0104,0.0063,0.0046,0.0029,0.0041,0.0051,0.0051,0.0071,0.0063,0.0056,0.0046,0.0066,0.0053,0.0109,0.0064,0.0071,0.0054,0.0092,0.0125,0.0083,0.0082,0.0099,0.0135,0.0138,0.0133,0.0134,0.0122,0.0175,0.0153
 World,Tokelau,Import,Import Partner Share (%),,0.0001,0.0003,0.0004,0.0001,0.0002,0.0001,0.0002,0.0001,0.0001,0.0002,0.0003,0.0002,0.0003,0.0003,0.0005,0.0002,0.0003,0.0002,0.0002,0.0002,0.0003,0.0002,0.0002,0.0002,0.0002,0.0001,0.0002,0.0001,0.0004,0.0003
 World,Tonga,Import,Import Partner Share (%),0.0004,0.0005,0.0007,0.0014,0.0008,0.0007,0.0005,0.0004,0.0004,0.0003,0.0003,0.0004,0.0003,0.0004,0.0004,0.0004,0.0003,0.0002,0.0002,0.0001,0.0001,0.0001,0.0001,0.0001,0.0001,0.0001,0.0001,0.0001,0.0001,0.0001,0.0001
 World,Trinidad and Tobago,Import,Import Partner Share (%),0.0057,0.0087,0.0066,0.0658,0.053,0.0482,0.0512,0.0417,0.0423,0.0483,0.0431,0.0538,0.0634,0.066,0.0694,0.0927,0.0936,0.1156,0.115,0.1098,0.1252,0.1018,0.0985,0.112,0.1094,0.1044,0.1003,0.0776,0.0544,0.0553,0.0603
 World,Tunisia,Import,Import Partner Share (%),0.0764,0.0761,0.069,0.0617,0.065,0.0543,0.1064,0.1077,0.1065,0.1002,0.1084,0.1075,0.0931,0.1048,0.1051,0.1073,0.1051,0.0983,0.0984,0.1089,0.1162,0.1216,0.1124,0.0978,0.092,0.0932,0.0897,0.0888,0.0884,0.0833,0.0868
 World,Turkey,Import,Import Partner Share (%),0.4317,0.3294,0.3743,0.3675,0.3676,0.3513,0.3829,0.3823,0.3917,0.4115,0.4631,0.4559,0.4031,0.49,0.5578,0.6215,0.6703,0.6608,0.6678,0.7398,0.7713,0.7497,0.7115,0.7002,0.7312,0.7513,0.7887,0.8322,0.879,0.8732,0.8909
 World,Turkmenistan,Import,Import Partner Share (%),,,,,0.0025,0.0067,0.0096,0.0146,0.0425,0.0263,0.0063,0.0181,0.0302,0.0372,0.0404,0.0352,0.0384,0.0461,0.0449,0.0466,0.0568,0.0184,0.0177,0.0411,0.0597,0.0625,0.0636,0.062,0.0499,0.0452,0.0553
 World,Turks and Caicos Isl.,Import,Import Partner Share (%),0,0,0,0.0003,0.0003,0.0003,0.0002,0.0003,0.0004,0.0002,0.0002,0.0002,0.0002,0.0002,0.0004,0.0004,0.0003,0.0003,0.0004,0.0007,0.0004,0.0002,0.0002,0.0002,0.0005,0.0002,0.0001,0.0003,0.0002,0.0001,0.0001
 World,Tuvalu,Import,Import Partner Share (%),0,0,0,0.0007,0,0,0,0,0,0,0,0,0,0.0049,0.0052,0,0,0,0,0,0,0,0.0001,0.0001,0.0002,0.0001,0,0.0002,0.0003,0.0001,0.0002
 World,Uganda,Import,Import Partner Share (%),0.0069,0.008,0.0047,0.0041,0.0053,0.0042,0.0107,0.0137,0.0126,0.0117,0.009,0.0079,0.006,0.006,0.0064,0.0065,0.0061,0.0069,0.0055,0.0071,0.0073,0.0088,0.0083,0.008,0.0081,0.0085,0.0076,0.009,0.0097,0.0116,0.0148
 World,Ukraine,Import,Import Partner Share (%),,,,,0.0347,0.0843,0.1378,0.14,0.2594,0.2309,0.2398,0.1961,0.2263,0.2661,0.2709,0.2921,0.3579,0.3461,0.3337,0.3701,0.4548,0.358,0.373,0.4053,0.3955,0.3512,0.3109,0.2637,0.2486,0.2735,0.2761
 World,United Arab Emirates,Import,Import Partner Share (%),1.0566,0.9769,1.1143,0.9028,0.6963,0.601,0.461,0.4123,0.4568,0.5039,0.4058,0.4319,0.5634,0.5649,0.5218,0.6081,0.6773,0.811,0.8334,0.8209,1.0164,0.8406,1.081,1.2213,1.2955,1.3593,1.2805,0.9587,0.9879,1.0658,1.115
 World,United Kingdom,Import,Import Partner Share (%),5.059,4.7102,4.7756,4.5119,5.0362,4.2466,4.484,4.6615,4.7252,4.6318,4.6849,4.5835,4.3649,4.3049,4.0614,3.8026,3.5355,3.4093,3.1887,3.1707,2.8987,2.8415,2.5605,2.4746,2.4786,2.7826,2.5469,2.5429,2.3851,2.3482,2.3698
 World,United States,Import,Import Partner Share (%),13.3228,19.0759,18.4687,13.7773,13.6611,13.6815,12.8037,12.3216,12.5454,13.3096,13.3555,12.9231,12.6168,12.1502,11.1237,9.9428,9.1562,8.7886,8.5593,8.3453,8.1318,8.4152,8.2002,8.0033,8.3345,8.1873,8.3422,8.8265,8.6786,8.4011,8.3371
 World,United States Minor Outlying I,Import,Import Partner Share (%),,,,,0.0024,,,,,,,,0.0004,0.0004,0.0002,0.0004,0.0004,0.0003,0.0003,0.0002,0.0001,0.0002,0.0002,0.0004,0.0001,0.0001,0.0001,0.0001,0.0001,0.0001,0
 World,Unspecified,Import,Import Partner Share (%),0.5954,0.5896,0.5975,0.2832,0.262,0.3028,0.4095,0.4128,0.4237,0.4157,0.3568,0.4171,0.9091,0.789,0.996,1.0235,1.1795,1.0222,1.3248,0.7951,0.8641,0.8715,0.939,0.9165,0.7141,1.1918,1.1823,1.2363,1.974,0.6749,0.4982
 World,Uruguay,Import,Import Partner Share (%),0.0311,0.0816,0.0711,0.0548,0.0497,0.0672,0.0669,0.0521,0.0521,0.0557,0.0582,0.0459,0.0429,0.0378,0.0347,0.035,0.0368,0.0421,0.0374,0.0393,0.0431,0.0519,0.0538,0.0521,0.0587,0.0591,0.0557,0.058,0.057,0.0585,0.0503
 World,Us Msc.Pac.I,Import,Import Partner Share (%),0.0063,0.0041,0.0047,0.0027,0.0013,0.0042,0.0025,0.0027,0.0028,0.0025,0.0025,0.0026,0,0,0,0,,,,,,,,,,,,,,,
 World,Uzbekistan,Import,Import Partner Share (%),,,,,0.0043,0.0177,0.0304,0.0371,0.0545,0.0557,0.038,0.0314,0.0392,0.0374,0.0359,0.0351,0.039,0.0377,0.0456,0.0466,0.0533,0.046,0.0444,0.039,0.0323,0.0435,0.035,0.0396,0.0483,0.0493,0.0521
 World,Vanuatu,Import,Import Partner Share (%),0.0021,0.0024,0.0014,0.001,0.001,0.0016,0.0008,0.0006,0.0009,0.0014,0.0015,0.0012,0.0016,0.0011,0.001,0.001,0.0025,0.0023,0.0023,0.0022,0.0034,0.0016,0.0033,0.0041,0.0025,0.002,0.0018,0.0009,0.0018,0.0014,0.0009
 World,Venezuela,Import,Import Partner Share (%),0.1689,0.202,0.2405,0.6242,0.4995,0.4537,0.3829,0.3735,0.4321,0.4366,0.3234,0.3558,0.4572,0.4141,0.3798,0.3424,0.406,0.4924,0.4863,0.4538,0.5482,0.4126,0.4127,0.4507,0.4708,0.4205,0.3843,0.2362,0.1866,0.1823,0.1927
 World,Vietnam,Import,Import Partner Share (%),0.0371,0.0609,0.071,0.0638,0.0812,0.0977,0.1101,0.1147,0.1365,0.1698,0.176,0.1972,0.22,0.2341,0.2586,0.2925,0.3085,0.3346,0.352,0.3758,0.4196,0.5027,0.511,0.5551,0.7203,0.798,0.9044,1.2131,1.3808,1.4902,1.561
 World,Wallis and Futura Isl.,Import,Import Partner Share (%),0,0,0,0,0.0001,0,0,0,0,0,0,0,0,0,0,0,0,0,0,0,0.0001,0,0,0,0,0,0,0,0,0,0
 World,Western Sahara,Import,Import Partner Share (%),0,0,0,0.0002,0.0002,0.0002,0.0005,0,0,0.0001,0,0,0.0002,0.0001,0.0001,0.0001,0,0,0,0,0.0001,0,0,0,0,0,0,0,0.0001,0,0
 World,Yemen,Import,Import Partner Share (%),0.0586,0.0501,0.0458,0.0447,0.0325,0.0359,0.0418,0.0394,0.0403,0.0443,0.0315,0.0425,0.0547,0.0486,0.0432,0.0517,0.0461,0.0526,0.0589,0.0503,0.0589,0.0435,0.0535,0.0543,0.0481,0.052,0.0498,0.0125,0.0061,0.0132,0.0091
 World,Yemen Democratic,Import,Import Partner Share (%),0.0107,0.0097,0.0039,,,,,,,,,,,,,,,,,,,,,,,,,,,,
 World,"Yugoslavia,FR(Serbia/Montenegr",Import,Import Partner Share (%),0.5589,0.4386,0.4542,0.3352,,,,,,,,,,,,,,,,,,,,,,,,,,,
 World,Zambia,Import,Import Partner Share (%),0.0982,0.0737,0.0613,0.0424,0.0377,0.0278,0.0234,0.0227,0.0182,0.0163,0.0142,0.0118,0.0098,0.0107,0.0114,0.0101,0.0164,0.0241,0.0231,0.0253,0.0246,0.0285,0.039,0.0424,0.0432,0.0384,0.0366,0.0356,0.0377,0.0412,0.0466
 World,Zimbabwe,Import,Import Partner Share (%),0.0663,0.0554,0.0442,0.0362,0.043,0.0349,0.0395,0.0355,0.0386,0.0388,0.033,0.0341,0.0297,0.03,0.0274,0.025,0.0211,0.0192,0.0185,0.0174,0.0142,0.0092,0.0096,0.0142,0.0152,0.0144,0.0139,0.0145,0.0133,0.0143,0.0175
